,county,fiscal_year,department,option_value,revised_annual_budget,expenditures_ytd
0,Fairfax,2013,ADMINISTRATION FOR HUMAN SERVICES,G6868,"$11,760,129.11","$11,569,374.71"
1,Fairfax,2013,ALCOHOL AND DRUG SERVICES,G7556,$0.00,$0.00
2,Fairfax,2013,BOARD OF SUPERVISORS,G0101,"$5,115,307.00","$4,554,678.86"
3,Fairfax,2013,BUSINESS PLANNING AND SUPPORT,G2525,"$797,553.48","$739,969.50"
4,Fairfax,2013,CABLE AND CONSUMER SERVICES,G0404,"$1,737,204.00","$1,712,730.11"
5,Fairfax,2013,CAPITAL FACILITIES,G2526,"$12,042,296.61","$11,925,564.09"
6,Fairfax,2013,CIRCUIT COURT AND RECORDS,G8080,"$10,587,701.58","$10,318,565.85"
7,Fairfax,2013,CIVIL SERVICE COMMISSION,G4141,"$425,766.00","$373,517.44"
8,Fairfax,2013,CODE COMPLIANCE,G9797,"$3,944,246.92","$3,595,916.03"
9,Fairfax,2013,COMMONWEALTH'S ATTORNEY,G8282,"$2,667,392.00","$2,653,086.17"
10,Fairfax,2013,COUNTY ATTORNEY,G1717,"$8,020,737.70","$6,775,252.84"
11,Fairfax,2013,COUNTY EXECUTIVE,G0202,"$6,429,519.62","$5,729,016.13"
12,Fairfax,2013,ELECTIONS,G1515,"$3,683,998.50","$3,558,961.93"
13,Fairfax,2013,EMERGENCY MANAGEMENT,G9393,"$2,183,078.48","$1,661,943.53"
14,Fairfax,2013,EMPLOYEE BENEFITS,G8989,"$285,289,016.35","$279,509,869.85"
15,Fairfax,2013,FACILITIES MANAGEMENT,G0808,"$55,770,571.52","$52,827,898.46"
16,Fairfax,2013,FAIRFAX COUNTY PUBLIC LIBRARY,G5252,"$28,454,776.87","$26,791,911.07"
17,Fairfax,2013,FAMILY SERVICES,G6767,"$194,269,234.30","$181,555,970.41"
18,Fairfax,2013,FINANCE,G0606,"$10,030,719.00","$9,204,369.38"
19,Fairfax,2013,FINANCIAL AND PROGRAM AUDITOR,G3737,"$347,525.11","$284,278.32"
20,Fairfax,2013,FIRE AND RESCUE,G9292,"$175,063,407.77","$168,323,675.25"
21,Fairfax,2013,GENERAL DISTRICT COURT,G8585,"$2,271,743.48","$2,049,657.13"
22,Fairfax,2013,HEALTH,G7171,"$56,257,125.06","$51,097,647.79"
23,Fairfax,2013,HOUSING AND COMMUNITY DEVELOPMENT,H3838,"$5,710,886.49","$5,151,326.61"
24,Fairfax,2013,HUMAN RESOURCES,G1111,"$7,904,349.06","$7,560,035.10"
25,Fairfax,2013,HUMAN RIGHTS AND EQUITY PROGRAMS,G3939,"$1,568,850.30","$1,414,294.89"
26,Fairfax,2013,INFORMATION TECHNOLOGY,G7070,"$31,669,576.75","$28,380,070.09"
27,Fairfax,2013,INTELLECTUAL DISABILITY SERVICES,G7540,$0.00,$0.00
28,Fairfax,2013,JUVENILE AND DOMESTIC RELATIONS DISTRICT,G8181,"$21,178,839.47","$20,717,287.88"
29,Fairfax,2013,LAND DEVELOPMENT SERVICES,G2531,"$22,448,968.34","$20,435,292.11"
30,Fairfax,2013,MANAGEMENT AND BUDGET,G2020,"$2,764,912.80","$2,651,423.60"
31,Fairfax,2013,MENTAL HEALTH SERVICES,G7530,$0.00,$0.00
32,Fairfax,2013,NEIGHBORHOOD AND COMMUNITY SERVICES,G7979,"$26,961,891.09","$26,122,726.23"
33,Fairfax,2013,OFFICE TO PREVENT AND END HOMELESSNESS,G7373,"$12,084,837.45","$11,001,060.88"
34,Fairfax,2013,PARK AUTHORITY,P5151,"$22,921,644.00","$22,656,250.89"
35,Fairfax,2013,PLANNING AND ZONING,G3535,"$10,540,463.56","$9,297,434.81"
36,Fairfax,2013,PLANNING COMMISSION,G3636,"$703,771.00","$674,420.26"
37,Fairfax,2013,POLICE,G9090,"$175,230,101.90","$170,984,615.70"
38,Fairfax,2013,PROCUREMENT & MATERIAL MANAGEMENT,G1212,"$5,118,757.50","$4,801,328.40"
39,Fairfax,2013,PUBLIC AFFAIRS,G1313,"$1,217,535.61","$1,164,637.03"
40,Fairfax,2013,PUBLIC SAFETY COMMUNICATIONS,G9595,$0.00,$0.00
41,Fairfax,2013,RETIREMENT ADMINISTRATION,G5858,$0.00,$0.00
42,Fairfax,2013,SHERIFF,G9191,"$63,313,149.09","$59,864,778.01"
43,Fairfax,2013,SOLID WASTE,G2545,$0.00,$0.00
44,Fairfax,2013,STORMWATER MANAGEMENT,G2529,$0.00,$0.00
45,Fairfax,2013,TAX ADMINISTRATION,G5757,"$23,039,364.02","$21,423,473.39"
46,Fairfax,2013,TRANSPORTATION,G4040,"$8,814,847.78","$7,394,483.00"
47,Fairfax,2013,UNCLASSIFIED ADMINISTRATIVE EXPENSES (NO,G8787,"$187,829.01","$83,866.17"
48,Fairfax,2013,UNCLASSIFIED ADMINISTRATIVE EXPENSES (PU,G2587,"$4,320,428.93","$2,896,544.66"
49,Fairfax,2013,VEHICLE SERVICES,G1010,$0.00,$0.00
50,Fairfax,2013,WASTEWATER,G2523,$0.00,$0.00
51,Fairfax,2014,ADMINISTRATION FOR HUMAN SERVICES,G6868,"$11,967,603.67","$11,772,165.75"
52,Fairfax,2014,ALCOHOL AND DRUG SERVICES,G7556,$0.00,$0.00
53,Fairfax,2014,BOARD OF SUPERVISORS,G0101,"$5,224,936.00","$4,662,120.67"
54,Fairfax,2014,BUSINESS PLANNING AND SUPPORT,G2525,"$775,543.80","$755,410.52"
55,Fairfax,2014,CABLE AND CONSUMER SERVICES,G0404,"$1,657,621.00","$1,619,246.68"
56,Fairfax,2014,CAPITAL FACILITIES,G2526,"$13,044,382.19","$12,843,760.91"
57,Fairfax,2014,CIRCUIT COURT AND RECORDS,G8080,"$10,640,202.87","$10,526,463.31"
58,Fairfax,2014,CIVIL SERVICE COMMISSION,G4141,"$411,349.12","$389,818.00"
59,Fairfax,2014,CODE COMPLIANCE,G9797,"$4,059,714.59","$4,033,568.85"
60,Fairfax,2014,COMMONWEALTH'S ATTORNEY,G8282,"$2,833,791.00","$2,750,206.05"
61,Fairfax,2014,COUNTY ATTORNEY,G1717,"$7,648,129.33","$6,312,069.31"
62,Fairfax,2014,COUNTY EXECUTIVE,G0202,"$6,580,973.90","$5,880,094.00"
63,Fairfax,2014,CSB CENTRAL ADMINISTRATION,G7510,$0.00,$0.00
64,Fairfax,2014,ELECTIONS,G1515,"$3,737,406.40","$3,537,775.76"
65,Fairfax,2014,EMERGENCY MANAGEMENT,G9393,"$2,337,837.13","$1,627,581.45"
66,Fairfax,2014,EMPLOYEE BENEFITS,G8989,"$300,115,381.31","$287,626,419.94"
67,Fairfax,2014,FACILITIES MANAGEMENT,G0808,"$53,819,249.05","$51,903,173.45"
68,Fairfax,2014,FAIRFAX COUNTY PUBLIC LIBRARY,G5252,"$28,816,474.96","$26,463,385.90"
69,Fairfax,2014,FAMILY SERVICES,G6767,"$186,086,251.13","$179,525,974.49"
70,Fairfax,2014,FINANCE,G0606,"$9,035,310.00","$7,640,312.45"
71,Fairfax,2014,FINANCIAL AND PROGRAM AUDITOR,G3737,"$354,020.20","$238,266.76"
72,Fairfax,2014,FIRE AND RESCUE,G9292,"$179,594,363.20","$174,769,554.47"
73,Fairfax,2014,GENERAL DISTRICT COURT,G8585,"$2,239,527.56","$2,087,469.58"
74,Fairfax,2014,HEALTH,G7171,"$55,628,681.19","$51,779,264.66"
75,Fairfax,2014,HOUSING AND COMMUNITY DEVELOPMENT,H3838,"$6,299,627.66","$5,561,416.98"
76,Fairfax,2014,HUMAN RESOURCES,G1111,"$7,568,287.16","$6,883,386.85"
77,Fairfax,2014,HUMAN RIGHTS AND EQUITY PROGRAMS,G3939,"$1,521,266.56","$1,326,420.27"
78,Fairfax,2014,INFORMATION TECHNOLOGY,G7070,"$34,241,180.89","$30,710,117.05"
79,Fairfax,2014,JUVENILE AND DOMESTIC RELATIONS DISTRICT,G8181,"$21,437,003.03","$20,636,623.39"
80,Fairfax,2014,LAND DEVELOPMENT SERVICES,G2531,"$22,741,060.64","$21,524,476.19"
81,Fairfax,2014,MANAGEMENT AND BUDGET,G2020,"$4,487,702.49","$4,285,558.29"
82,Fairfax,2014,MENTAL HEALTH SERVICES,G7530,$0.00,$0.00
83,Fairfax,2014,NEIGHBORHOOD AND COMMUNITY SERVICES,G7979,"$26,955,788.32","$25,973,253.78"
84,Fairfax,2014,OFFICE TO PREVENT AND END HOMELESSNESS,G7373,"$12,332,987.87","$11,359,748.56"
85,Fairfax,2014,PARK AUTHORITY,P5151,"$23,306,950.00","$23,036,746.70"
86,Fairfax,2014,PLANNING AND ZONING,G3535,"$10,696,977.29","$10,000,096.15"
87,Fairfax,2014,PLANNING COMMISSION,G3636,"$712,840.54","$701,297.63"
88,Fairfax,2014,POLICE,G9090,"$181,116,503.12","$171,795,596.73"
89,Fairfax,2014,PROCUREMENT & MATERIAL MANAGEMENT,G1212,"$4,673,545.89","$4,442,881.59"
90,Fairfax,2014,PUBLIC AFFAIRS,G1313,"$1,349,398.00","$1,230,260.04"
91,Fairfax,2014,SHERIFF,G9191,"$64,420,403.93","$61,496,786.70"
92,Fairfax,2014,SOLID WASTE,G2545,$0.00,$0.00
93,Fairfax,2014,TAX ADMINISTRATION,G5757,"$23,260,561.94","$22,816,026.27"
94,Fairfax,2014,TRANSPORTATION,G4040,"$8,871,474.67","$7,514,317.63"
95,Fairfax,2014,UNCLASSIFIED ADMINISTRATIVE EXPENSES (NO,G8787,"$499,978.51","$86,922.92"
96,Fairfax,2014,UNCLASSIFIED ADMINISTRATIVE EXPENSES (PU,G2587,"$4,584,768.39","$4,404,903.64"
97,Fairfax,2014,WASTEWATER,G2523,$0.00,$0.00
98,Fairfax,2015,ACUTE & THERAPEUTIC TREATMENT,G7620,$0.00,$0.00
99,Fairfax,2015,ADMINISTRATION FOR HUMAN SERVICES,G6868,"$12,557,603.44","$12,368,238.65"
100,Fairfax,2015,BOARD OF SUPERVISORS,G0101,"$5,276,164.00","$4,701,987.75"
101,Fairfax,2015,BUSINESS PLANNING AND SUPPORT,G2525,"$980,765.00","$903,587.85"
102,Fairfax,2015,CABLE AND CONSUMER SERVICES,G0404,"$1,648,690.00","$1,591,634.98"
103,Fairfax,2015,CAPITAL FACILITIES,G2526,"$13,438,104.66","$13,150,050.86"
104,Fairfax,2015,CIRCUIT COURT AND RECORDS,G8080,"$10,609,229.31","$10,570,642.35"
105,Fairfax,2015,CIVIL SERVICE COMMISSION,G4141,"$414,231.00","$370,213.17"
106,Fairfax,2015,CODE COMPLIANCE,G9797,"$4,090,635.16","$3,943,145.24"
107,Fairfax,2015,COMMONWEALTH'S ATTORNEY,G8282,"$3,517,092.41","$3,376,104.55"
108,Fairfax,2015,COMMUNITY LIVING TREATMENT&SUPPORTS,G7630,$0.00,$0.00
109,Fairfax,2015,COUNTY ATTORNEY,G1717,"$7,830,591.60","$6,538,963.65"
110,Fairfax,2015,COUNTY EXECUTIVE,G0202,"$6,612,407.00","$5,868,895.10"
111,Fairfax,2015,CSB CENTRAL ADMINISTRATION,G7610,$0.00,$0.00
112,Fairfax,2015,ELECTIONS,G1515,"$4,102,939.00","$3,493,963.52"
113,Fairfax,2015,EMERGENCY MANAGEMENT,G9393,"$2,483,683.54","$1,877,334.95"
114,Fairfax,2015,EMPLOYEE BENEFITS,G8989,"$313,388,383.24","$308,144,201.73"
115,Fairfax,2015,FACILITIES MANAGEMENT,G0808,"$55,034,280.39","$52,395,116.14"
116,Fairfax,2015,FAIRFAX COUNTY PUBLIC LIBRARY,G5252,"$29,541,157.61","$26,849,178.72"
117,Fairfax,2015,FAMILY SERVICES,G6767,"$192,251,470.17","$183,351,820.58"
118,Fairfax,2015,FINANCE,G0606,"$8,862,102.24","$7,407,180.56"
119,Fairfax,2015,FINANCIAL AND PROGRAM AUDITOR,G3737,"$357,874.00","$230,863.73"
120,Fairfax,2015,FIRE AND RESCUE,G9292,"$187,813,377.79","$182,769,245.59"
121,Fairfax,2015,GENERAL DISTRICT COURT,G8585,"$2,332,938.05","$2,098,002.53"
122,Fairfax,2015,HEALTH,G7171,"$56,161,684.66","$51,873,699.52"
123,Fairfax,2015,HOUSING AND COMMUNITY DEVELOPMENT,H3838,"$6,370,771.25","$5,610,671.98"
124,Fairfax,2015,HUMAN RESOURCES,G1111,"$7,370,571.52","$7,215,554.93"
125,Fairfax,2015,HUMAN RIGHTS AND EQUITY PROGRAMS,G3939,"$1,516,179.00","$1,382,452.51"
126,Fairfax,2015,INFORMATION TECHNOLOGY,G7070,"$34,633,845.18","$33,198,737.23"
127,Fairfax,2015,JUVENILE AND DOMESTIC RELATIONS DISTRICT,G8181,"$22,405,204.48","$21,957,739.67"
128,Fairfax,2015,LAND DEVELOPMENT SERVICES,G2531,"$24,159,472.26","$22,480,241.43"
129,Fairfax,2015,MANAGEMENT AND BUDGET,G2020,"$4,550,793.59","$4,424,744.36"
130,Fairfax,2015,MCLEAN COMMUNITY CENTER,G4949,$0.00,$0.00
131,Fairfax,2015,NEIGHBORHOOD AND COMMUNITY SERVICES,G7979,"$28,499,875.62","$27,765,259.10"
132,Fairfax,2015,OFFICE TO PREVENT AND END HOMELESSNESS,G7373,"$13,021,868.32","$10,914,595.16"
133,Fairfax,2015,PARK AUTHORITY,P5151,"$23,543,070.40","$23,085,650.77"
134,Fairfax,2015,PLANNING AND ZONING,G3535,"$11,003,585.64","$9,896,563.05"
135,Fairfax,2015,PLANNING COMMISSION,G3636,"$690,133.00","$633,699.90"
136,Fairfax,2015,POLICE,G9090,"$183,441,981.24","$178,721,676.41"
137,Fairfax,2015,PROCUREMENT & MATERIAL MANAGEMENT,G1212,"$4,662,659.00","$4,354,734.86"
138,Fairfax,2015,PUBLIC AFFAIRS,G1313,"$1,345,316.05","$1,146,688.00"
139,Fairfax,2015,RESTON COMMUNITY CENTER,G1414,$0.00,$0.00
140,Fairfax,2015,RETIREMENT ADMINISTRATION,G5858,$0.00,$0.00
141,Fairfax,2015,SHERIFF,G9191,"$64,773,639.88","$61,751,472.46"
142,Fairfax,2015,SOLID WASTE,G2545,$0.00,$0.00
143,Fairfax,2015,STORMWATER MANAGEMENT,G2529,$0.00,$0.00
144,Fairfax,2015,TAX ADMINISTRATION,G5757,"$23,186,639.73","$23,087,504.93"
145,Fairfax,2015,TRANSPORTATION,G4040,"$8,794,942.01","$7,538,749.98"
146,Fairfax,2015,UNCLASSIFIED ADMINISTRATIVE EXPENSES (NO,G8787,"$9,894.00","$2,000.00"
147,Fairfax,2015,UNCLASSIFIED ADMINISTRATIVE EXPENSES (PU,G2587,"$3,633,711.05","$3,233,528.23"
148,Fairfax,2015,VEHICLE SERVICES,G1010,$0.00,$0.00
149,Fairfax,2015,WASTEWATER,G2523,$0.00,$0.00
150,Fairfax,2016,ADMINISTRATION FOR HUMAN SERVICES,G6868,"$13,091,281.76","$12,801,558.22"
151,Fairfax,2016,BOARD OF SUPERVISORS,G0101,"$5,587,682.00","$5,064,665.06"
152,Fairfax,2016,BUSINESS PLANNING AND SUPPORT,G2525,"$1,207,298.00","$985,550.71"
153,Fairfax,2016,CABLE AND CONSUMER SERVICES,G0404,"$1,697,937.00","$1,693,864.91"
154,Fairfax,2016,CAPITAL FACILITIES,G2526,"$13,849,296.94","$13,542,940.60"
155,Fairfax,2016,CIRCUIT COURT AND RECORDS,G8080,"$10,876,231.40","$10,715,719.19"
156,Fairfax,2016,CIVIL SERVICE COMMISSION,G4141,"$430,835.00","$395,006.41"
157,Fairfax,2016,CODE COMPLIANCE,G9797,"$4,229,647.94","$4,150,382.35"
158,Fairfax,2016,COMMONWEALTH'S ATTORNEY,G8282,"$3,736,114.59","$3,632,170.09"
159,Fairfax,2016,COUNTY ATTORNEY,G1717,"$8,001,981.01","$6,437,735.51"
160,Fairfax,2016,COUNTY EXECUTIVE,G0202,"$6,553,162.50","$6,144,930.10"
161,Fairfax,2016,ELECTIONS,G1515,"$5,604,901.04","$4,377,734.19"
162,Fairfax,2016,EMERGENCY MANAGEMENT,G9393,"$2,379,016.75","$1,734,964.88"
163,Fairfax,2016,EMPLOYEE BENEFITS,G8989,"$342,110,231.05","$332,034,536.18"
164,Fairfax,2016,FACILITIES MANAGEMENT,G0808,"$57,117,485.25","$55,210,286.54"
165,Fairfax,2016,FAIRFAX COUNTY PUBLIC LIBRARY,G5252,"$30,190,829.47","$28,698,456.27"
166,Fairfax,2016,FAMILY SERVICES,G6767,"$199,771,769.51","$194,711,993.78"
167,Fairfax,2016,FINANCE,G0606,"$9,135,705.87","$7,954,468.74"
168,Fairfax,2016,FINANCIAL AND PROGRAM AUDITOR,G3737,"$366,284.00","$303,927.80"
169,Fairfax,2016,FIRE AND RESCUE,G9292,"$192,672,942.83","$188,123,918.81"
170,Fairfax,2016,GENERAL DISTRICT COURT,G8585,"$2,554,668.03","$2,339,517.42"
171,Fairfax,2016,HEALTH,G7171,"$58,754,831.99","$53,643,468.77"
172,Fairfax,2016,HOUSING AND COMMUNITY DEVELOPMENT,H3838,"$6,330,366.27","$5,949,424.32"
173,Fairfax,2016,HUMAN RESOURCES,G1111,"$7,404,160.76","$6,892,094.94"
174,Fairfax,2016,HUMAN RIGHTS AND EQUITY PROGRAMS,G3939,"$1,534,790.00","$1,347,232.47"
175,Fairfax,2016,INFORMATION TECHNOLOGY,G7070,"$32,713,826.58","$31,701,834.33"
176,Fairfax,2016,JUVENILE AND DOMESTIC RELATIONS DISTRICT,G8181,"$22,815,343.17","$22,285,861.25"
177,Fairfax,2016,LAND DEVELOPMENT SERVICES,G2531,"$26,748,155.99","$24,410,235.31"
178,Fairfax,2016,MANAGEMENT AND BUDGET,G2020,"$4,545,556.49","$4,437,211.91"
179,Fairfax,2016,NEIGHBORHOOD AND COMMUNITY SERVICES,G7979,"$28,710,337.41","$27,943,468.91"
180,Fairfax,2016,OFFICE TO PREVENT AND END HOMELESSNESS,G7373,"$13,439,030.99","$11,980,918.79"
181,Fairfax,2016,PARK AUTHORITY,P5151,"$23,844,953.33","$23,444,163.05"
182,Fairfax,2016,PLANNING AND ZONING,G3535,"$11,950,528.26","$10,519,552.36"
183,Fairfax,2016,PLANNING COMMISSION,G3636,"$754,586.84","$722,936.77"
184,Fairfax,2016,POLICE,G9090,"$185,614,862.67","$182,499,531.84"
185,Fairfax,2016,PROCUREMENT & MATERIAL MANAGEMENT,G1212,"$4,938,725.27","$4,805,795.39"
186,Fairfax,2016,PUBLIC AFFAIRS,G1313,"$1,292,473.47","$1,210,221.32"
187,Fairfax,2016,PUBLIC SAFETY COMMUNICATIONS,G9595,$0.00,$0.00
188,Fairfax,2016,RESTON COMMUNITY CENTER,G1414,$0.00,$0.00
189,Fairfax,2016,RETIREMENT ADMINISTRATION,G5858,$0.00,$0.00
190,Fairfax,2016,SHERIFF,G9191,"$66,150,645.99","$63,380,975.29"
191,Fairfax,2016,SOLID WASTE,G2545,$0.00,$0.00
192,Fairfax,2016,STORMWATER MANAGEMENT,G2529,$0.00,$0.00
193,Fairfax,2016,TAX ADMINISTRATION,G5757,"$23,718,852.80","$23,665,683.25"
194,Fairfax,2016,TRANSPORTATION,G4040,"$9,009,626.73","$7,842,482.89"
195,Fairfax,2016,UNCLASSIFIED ADMINISTRATIVE EXPENSES (NO,G8787,"$1,925.00",$0.00
196,Fairfax,2016,UNCLASSIFIED ADMINISTRATIVE EXPENSES (PU,G2587,"$5,284,597.55","$4,508,077.58"
197,Fairfax,2016,WASTEWATER,G2523,$0.00,$0.00
198,Fairfax,2017,ACUTE & THERAPEUTIC TREATMENT,G7620,$0.00,$0.00
199,Fairfax,2017,ADMINISTRATION FOR HUMAN SERVICES,G6868,"$13,633,403.21","$12,968,369.00"
200,Fairfax,2017,ANIMAL SHELTERING,G9696,"$1,128,275.00","$1,059,203.55"
201,Fairfax,2017,BOARD OF SUPERVISORS,G0101,"$5,888,766.90","$5,119,619.86"
202,Fairfax,2017,BUSINESS PLANNING AND SUPPORT,G2525,"$1,432,747.20","$1,229,660.65"
203,Fairfax,2017,CABLE AND CONSUMER SERVICES,G0404,"$808,530.83","$784,223.81"
204,Fairfax,2017,CAPITAL FACILITIES,G2526,"$14,327,856.04","$13,564,148.60"
205,Fairfax,2017,CIRCUIT COURT AND RECORDS,G8080,"$11,294,639.49","$11,188,953.40"
206,Fairfax,2017,CIVIL SERVICE COMMISSION,G4141,"$439,953.00","$403,690.30"
207,Fairfax,2017,CODE COMPLIANCE,G9797,"$4,339,241.00","$4,280,255.12"
208,Fairfax,2017,COMMONWEALTH'S ATTORNEY,G8282,"$3,826,917.00","$3,645,935.03"
209,Fairfax,2017,COMMUNITY LIVING TREATMENT&SUPPORTS,G7630,$0.00,$0.00
210,Fairfax,2017,COUNTY ATTORNEY,G1717,"$8,833,305.64","$7,336,650.31"
211,Fairfax,2017,COUNTY EXECUTIVE,G0202,"$6,714,397.00","$6,144,887.40"
212,Fairfax,2017,CSB CENTRAL ADMINISTRATION,G7610,$0.00,$0.00
213,Fairfax,2017,ELECTIONS,G1515,"$5,529,311.85","$5,110,510.50"
214,Fairfax,2017,EMERGENCY MANAGEMENT,G9393,"$2,449,221.67","$1,621,214.39"
215,Fairfax,2017,EMPLOYEE BENEFITS,G8989,"$360,414,784.62","$348,819,501.35"
216,Fairfax,2017,FACILITIES MANAGEMENT,G0808,"$59,226,501.72","$56,925,999.90"
217,Fairfax,2017,FAIRFAX COUNTY PUBLIC LIBRARY,G5252,"$29,284,971.13","$27,393,884.06"
218,Fairfax,2017,FAMILY SERVICES,G6767,"$205,658,759.26","$195,769,507.97"
219,Fairfax,2017,FINANCE,G0606,"$9,162,372.84","$8,133,916.68"
220,Fairfax,2017,FINANCIAL AND PROGRAM AUDITOR,G3737,"$378,522.36","$304,006.33"
221,Fairfax,2017,FIRE AND RESCUE,G9292,"$203,083,965.76","$197,652,323.36"
222,Fairfax,2017,GENERAL DISTRICT COURT,G8585,"$3,908,738.87","$3,437,878.45"
223,Fairfax,2017,HEALTH,G7171,"$62,734,766.63","$56,929,543.25"
224,Fairfax,2017,HOUSING AND COMMUNITY DEVELOPMENT,H3838,"$6,539,095.65","$6,075,172.17"
225,Fairfax,2017,HUMAN RESOURCES,G1111,"$7,843,379.63","$7,447,241.92"
226,Fairfax,2017,HUMAN RIGHTS AND EQUITY PROGRAMS,G3939,"$1,701,108.00","$1,571,749.98"
227,Fairfax,2017,INFORMATION TECHNOLOGY,G7070,"$33,639,446.31","$33,033,565.72"
228,Fairfax,2017,JUVENILE AND DOMESTIC RELATIONS DISTRICT,G8181,"$23,272,135.04","$22,497,461.07"
229,Fairfax,2017,LAND DEVELOPMENT SERVICES,G2531,"$28,196,917.40","$26,861,443.65"
230,Fairfax,2017,MANAGEMENT AND BUDGET,G2020,"$4,534,008.50","$4,405,082.66"
231,Fairfax,2017,NEIGHBORHOOD AND COMMUNITY SERVICES,G7979,"$30,114,322.12","$29,108,032.65"
232,Fairfax,2017,OFFICE OF INDEPENDENT POLICE AUDITOR,G4242,"$76,681.00","$31,565.59"
233,Fairfax,2017,OFFICE TO PREVENT AND END HOMELESSNESS,G7373,"$14,089,406.22","$12,716,695.86"
234,Fairfax,2017,PARK AUTHORITY,P5151,"$24,611,490.08","$24,227,436.71"
235,Fairfax,2017,PLANNING AND ZONING,G3535,"$12,383,350.42","$10,939,824.54"
236,Fairfax,2017,PLANNING COMMISSION,G3636,"$820,687.45","$792,008.06"
237,Fairfax,2017,POLICE,G9090,"$191,720,844.43","$188,739,413.82"
238,Fairfax,2017,PROCUREMENT & MATERIAL MANAGEMENT,G1212,"$4,854,697.29","$4,605,771.92"
239,Fairfax,2017,PUBLIC AFFAIRS,G1313,"$1,558,106.88","$1,355,374.53"
240,Fairfax,2017,PUBLIC SAFETY COMMUNICATIONS,G9595,$0.00,$0.00
241,Fairfax,2017,SHERIFF,G9191,"$68,512,621.97","$64,101,352.95"
242,Fairfax,2017,SOLID WASTE,G2545,$0.00,$0.00
243,Fairfax,2017,STORMWATER MANAGEMENT,G2529,$0.00,$0.00
244,Fairfax,2017,TAX ADMINISTRATION,G5757,"$24,454,748.35","$24,372,481.38"
245,Fairfax,2017,TRANSPORTATION,G4040,"$9,082,729.62","$8,178,648.61"
246,Fairfax,2017,UNCLASSIFIED ADMINISTRATIVE EXPENSES (NO,G8787,"$7,350,653.00","$21,330.03"
247,Fairfax,2017,UNCLASSIFIED ADMINISTRATIVE EXPENSES (PU,G2587,"$4,306,806.11","$3,183,976.62"
248,Fairfax,2017,VEHICLE SERVICES,G1010,$0.00,$0.00
249,Fairfax,2017,WASTEWATER,G2523,$0.00,$0.00
250,Fairfax,2018,ACUTE & THERAPEUTIC TREATMENT,G7620,$0.00,$0.00
251,Fairfax,2018,ADMINISTRATION FOR HUMAN SERVICES,G6868,"$13,899,489.27","$13,421,349.31"
252,Fairfax,2018,ANIMAL SHELTERING,G9696,"$2,518,459.78","$2,161,125.65"
253,Fairfax,2018,BOARD OF SUPERVISORS,G0101,"$5,966,713.40","$5,088,578.08"
254,Fairfax,2018,BUSINESS PLANNING AND SUPPORT,G2525,"$1,110,398.79","$1,009,630.88"
255,Fairfax,2018,CABLE AND CONSUMER SERVICES,G0404,"$831,288.00","$809,284.00"
256,Fairfax,2018,CAPITAL FACILITIES,G2526,"$14,443,984.66","$13,972,068.87"
257,Fairfax,2018,CIRCUIT COURT AND RECORDS,G8080,"$11,448,411.96","$11,396,333.68"
258,Fairfax,2018,CIVIL SERVICE COMMISSION,G4141,"$469,846.00","$452,271.99"
259,Fairfax,2018,CODE COMPLIANCE,G9797,"$4,462,825.52","$4,322,854.86"
260,Fairfax,2018,COMMONWEALTH'S ATTORNEY,G8282,"$3,943,739.33","$3,711,042.60"
261,Fairfax,2018,COUNTY ATTORNEY,G1717,"$8,980,530.15","$7,358,235.78"
262,Fairfax,2018,COUNTY EXECUTIVE,G0202,"$6,780,757.94","$6,439,657.24"
263,Fairfax,2018,CSB CENTRAL ADMINISTRATION,G7610,$0.00,$0.00
264,Fairfax,2018,ELECTIONS,G1515,"$4,559,583.69","$4,528,347.60"
265,Fairfax,2018,EMERGENCY MANAGEMENT,G9393,"$2,555,416.53","$1,810,661.38"
266,Fairfax,2018,EMPLOYEE BENEFITS,G8989,"$376,381,753.49","$364,459,918.71"
267,Fairfax,2018,FACILITIES MANAGEMENT,G0808,"$60,267,249.35","$57,171,867.41"
268,Fairfax,2018,FAIRFAX COUNTY PUBLIC LIBRARY,G5252,"$30,193,096.90","$28,753,170.94"
269,Fairfax,2018,FAMILY SERVICES,G6767,"$206,736,190.64","$194,899,376.37"
270,Fairfax,2018,FINANCE,G0606,"$9,373,508.44","$7,769,691.68"
271,Fairfax,2018,FINANCIAL AND PROGRAM AUDITOR,G3737,"$385,490.00","$319,484.98"
272,Fairfax,2018,FIRE AND RESCUE,G9292,"$208,101,068.84","$199,105,994.48"
273,Fairfax,2018,GENERAL DISTRICT COURT,G8585,"$4,573,471.74","$3,814,798.00"
274,Fairfax,2018,HEALTH,G7171,"$61,656,448.46","$57,515,134.39"
275,Fairfax,2018,HOUSING AND COMMUNITY DEVELOPMENT,H3838,"$6,664,146.50","$6,416,330.49"
276,Fairfax,2018,HUMAN RESOURCES,G1111,"$7,490,566.49","$7,359,894.23"
277,Fairfax,2018,HUMAN RIGHTS AND EQUITY PROGRAMS,G3939,"$1,703,855.00","$1,498,459.40"
278,Fairfax,2018,INFORMATION TECHNOLOGY,G7070,"$33,546,892.94","$32,826,498.93"
279,Fairfax,2018,JUVENILE AND DOMESTIC RELATIONS DISTRICT,G8181,"$23,607,636.50","$22,120,513.74"
280,Fairfax,2018,LAND DEVELOPMENT SERVICES,G2531,"$28,821,436.45","$27,320,812.75"
281,Fairfax,2018,MANAGEMENT AND BUDGET,G2020,"$4,987,365.49","$4,938,070.23"
282,Fairfax,2018,NEIGHBORHOOD AND COMMUNITY SERVICES,G7979,"$30,665,097.59","$29,553,496.00"
283,Fairfax,2018,OFFICE OF INDEPENDENT POLICE AUDITOR,G4242,"$304,625.00","$227,579.93"
284,Fairfax,2018,OFFICE TO PREVENT AND END HOMELESSNESS,G7373,"$13,765,265.73","$13,020,271.61"
285,Fairfax,2018,PARK AUTHORITY,P5151,"$25,216,740.29","$24,976,580.76"
286,Fairfax,2018,PLANNING AND ZONING,G3535,"$13,763,596.75","$11,911,771.22"
287,Fairfax,2018,PLANNING COMMISSION,G3636,"$831,315.58","$824,927.11"
288,Fairfax,2018,POLICE,G9090,"$196,245,133.22","$192,853,382.18"
289,Fairfax,2018,PROCUREMENT & MATERIAL MANAGEMENT,G1212,"$5,029,628.25","$4,169,110.66"
290,Fairfax,2018,PUBLIC AFFAIRS,G1313,"$1,741,870.00","$1,471,603.94"
291,Fairfax,2018,RESTON COMMUNITY CENTER,G1414,$0.00,$0.00
292,Fairfax,2018,SHERIFF,G9191,"$71,186,948.88","$65,419,417.65"
293,Fairfax,2018,SOLID WASTE,G2545,$0.00,$0.00
294,Fairfax,2018,STORMWATER MANAGEMENT,G2529,$0.00,$0.00
295,Fairfax,2018,TAX ADMINISTRATION,G5757,"$24,633,363.00","$24,317,624.31"
296,Fairfax,2018,TRANSPORTATION,G4040,"$9,103,453.20","$8,160,306.47"
297,Fairfax,2018,UNCLASSIFIED ADMINISTRATIVE EXPENSES (NO,G8787,"$8,796,783.97","$20,044.97"
298,Fairfax,2018,UNCLASSIFIED ADMINISTRATIVE EXPENSES (PU,G2587,"$4,517,034.79","$4,154,658.77"
299,Fairfax,2018,VEHICLE SERVICES,G1010,$0.00,$0.00
300,Fairfax,2019,ACUTE & THERAPEUTIC TREATMENT,G7620,$0.00,$0.00
301,Fairfax,2019,ADMINISTRATION FOR HUMAN SERVICES,G6868,$0.00,$0.00
302,Fairfax,2019,ANIMAL SHELTERING,G9696,"$2,647,624.84","$2,302,336.42"
303,Fairfax,2019,BOARD OF SUPERVISORS,G0101,"$6,168,989.80","$5,320,888.25"
304,Fairfax,2019,BUSINESS PLANNING AND SUPPORT,G2525,"$1,070,649.24","$1,030,131.40"
305,Fairfax,2019,CABLE AND CONSUMER SERVICES,G0404,"$860,594.02","$772,381.61"
306,Fairfax,2019,CAPITAL FACILITIES,G2526,"$15,042,594.83","$13,652,448.73"
307,Fairfax,2019,CIRCUIT COURT AND RECORDS,G8080,"$11,786,163.20","$11,681,719.31"
308,Fairfax,2019,CIVIL SERVICE COMMISSION,G4141,"$454,134.00","$394,141.17"
309,Fairfax,2019,CODE COMPLIANCE,G9797,"$4,649,166.78","$4,454,539.20"
310,Fairfax,2019,COMMONWEALTH'S ATTORNEY,G8282,"$4,130,941.92","$3,939,548.04"
311,Fairfax,2019,COUNTY ATTORNEY,G1717,"$8,995,367.04","$7,501,490.20"
312,Fairfax,2019,COUNTY EXECUTIVE,G0202,"$7,133,262.80","$6,925,329.34"
313,Fairfax,2019,CSB CENTRAL ADMINISTRATION,G7610,$0.00,$0.00
314,Fairfax,2019,ELECTIONS,G1515,"$5,426,492.63","$4,362,730.31"
315,Fairfax,2019,EMERGENCY MANAGEMENT,G9393,"$2,638,060.87","$1,769,630.77"
316,Fairfax,2019,EMPLOYEE BENEFITS,G8989,"$390,391,079.87","$379,736,074.38"
317,Fairfax,2019,FACILITIES MANAGEMENT,G0808,"$62,145,524.10","$59,609,372.78"
318,Fairfax,2019,FAIRFAX COUNTY PUBLIC LIBRARY,G5252,"$30,773,019.99","$29,596,605.40"
319,Fairfax,2019,FAMILY SERVICES,G6767,"$223,483,047.72","$207,854,928.32"
320,Fairfax,2019,FINANCE,G0606,"$9,484,188.29","$8,864,916.05"
321,Fairfax,2019,FINANCIAL AND PROGRAM AUDITOR,G3737,"$402,471.00","$268,581.12"
322,Fairfax,2019,FIRE AND RESCUE,G9292,"$214,603,009.60","$205,055,062.24"
323,Fairfax,2019,GENERAL DISTRICT COURT,G8585,"$4,595,652.93","$3,903,874.33"
324,Fairfax,2019,HEALTH,G7171,"$65,680,083.40","$62,302,805.89"
325,Fairfax,2019,HOUSING AND COMMUNITY DEVELOPMENT,H3838,"$7,033,169.40","$6,805,129.45"
326,Fairfax,2019,HUMAN RESOURCES,G1111,"$7,811,463.45","$7,637,612.28"
327,Fairfax,2019,HUMAN RIGHTS AND EQUITY PROGRAMS,G3939,"$1,963,159.00","$1,660,153.89"
328,Fairfax,2019,INFORMATION TECHNOLOGY,G7070,"$35,750,532.25","$35,405,843.50"
329,Fairfax,2019,JUVENILE AND DOMESTIC RELATIONS DISTRICT,G8181,"$26,007,801.14","$24,195,216.32"
330,Fairfax,2019,LAND DEVELOPMENT SERVICES,G2531,"$29,991,922.00","$29,824,990.91"
331,Fairfax,2019,MANAGEMENT AND BUDGET,G2020,"$6,061,562.00","$5,369,397.14"
332,Fairfax,2019,NEIGHBORHOOD AND COMMUNITY SERVICES,G7979,"$32,483,908.65","$31,794,946.56"
333,Fairfax,2019,OFFICE OF INDEPENDENT POLICE AUDITOR,G4242,"$317,744.00","$317,378.86"
334,Fairfax,2019,OFFICE OF STRATEGY MANAGEMENT FOR HHS,G7777,"$3,633,129.90","$3,070,054.86"
335,Fairfax,2019,OFFICE TO PREVENT AND END HOMELESSNESS,G7373,"$15,062,439.20","$14,026,707.49"
336,Fairfax,2019,PARK AUTHORITY,P5151,"$26,540,027.15","$26,068,520.65"
337,Fairfax,2019,PLANNING AND ZONING,G3535,"$13,639,003.93","$12,069,360.79"
338,Fairfax,2019,PLANNING COMMISSION,G3636,"$860,560.63","$833,399.61"
339,Fairfax,2019,POLICE,G9090,"$206,917,205.97","$203,408,783.80"
340,Fairfax,2019,PROCUREMENT & MATERIAL MANAGEMENT,G1212,"$8,088,317.24","$7,195,503.15"
341,Fairfax,2019,PUBLIC AFFAIRS,G1313,"$1,881,230.80","$1,539,247.55"
342,Fairfax,2019,RESTON COMMUNITY CENTER,G1414,$0.00,$0.00
343,Fairfax,2019,SHERIFF,G9191,"$74,363,026.46","$70,494,549.70"
344,Fairfax,2019,SOLID WASTE,G2545,$0.00,$0.00
345,Fairfax,2019,STORMWATER MANAGEMENT,G2529,$0.00,$0.00
346,Fairfax,2019,TAX ADMINISTRATION,G5757,"$27,220,537.00","$25,310,704.82"
347,Fairfax,2019,TRANSPORTATION,G4040,"$9,345,516.22","$8,629,374.38"
348,Fairfax,2019,UNCLASSIFIED ADMINISTRATIVE EXPENSES (NO,G8787,"$12,775,526.00","$1,159,101.22"
349,Fairfax,2019,UNCLASSIFIED ADMINISTRATIVE EXPENSES (PU,G2587,"$4,348,869.13","$4,154,968.29"
350,Fairfax,2019,VEHICLE SERVICES,G1010,$0.00,$0.00
351,Fairfax,2020,ACUTE & THERAPEUTIC TREATMENT,G7620,$0.00,$0.00
352,Fairfax,2020,ANIMAL SHELTERING,G9696,"$2,881,197.91","$2,500,479.61"
353,Fairfax,2020,BOARD OF SUPERVISORS,G0101,"$5,517,094.00","$5,259,907.41"
354,Fairfax,2020,BUSINESS PLANNING AND SUPPORT,G2525,"$1,028,529.98","$887,454.78"
355,Fairfax,2020,CABLE AND CONSUMER SERVICES,G0404,"$760,719.00","$756,232.95"
356,Fairfax,2020,CAPITAL FACILITIES,G2526,"$15,989,797.33","$14,398,262.93"
357,Fairfax,2020,CIRCUIT COURT AND RECORDS,G8080,"$12,562,048.18","$12,289,149.59"
358,Fairfax,2020,CIVIL SERVICE COMMISSION,G4141,"$468,766.84","$412,227.39"
359,Fairfax,2020,CLERK SERVICES,G0303,"$1,818,969.34","$1,683,024.67"
360,Fairfax,2020,CODE COMPLIANCE,G9797,"$4,791,957.47","$4,283,902.36"
361,Fairfax,2020,COMMONWEALTH'S ATTORNEY,G8282,"$5,062,859.50","$4,279,499.19"
362,Fairfax,2020,COMMUNITY LIVING TREATMENT&SUPPORTS,G7630,$0.00,$0.00
363,Fairfax,2020,COUNTY ATTORNEY,G1717,"$9,084,800.89","$8,168,988.86"
364,Fairfax,2020,COUNTY EXECUTIVE,G0202,"$5,663,268.80","$5,446,082.43"
365,Fairfax,2020,CSB CENTRAL ADMINISTRATION,G7610,$0.00,$0.00
366,Fairfax,2020,CSB CLINICAL OPERATIONS,G7615,$0.00,$0.00
367,Fairfax,2020,ECONOMIC INITIATIVES,G3030,"$1,298,551.00","$1,076,954.74"
368,Fairfax,2020,ELECTIONS,G1515,"$7,259,512.64","$5,227,093.35"
369,Fairfax,2020,EMERGENCY MANAGEMENT,G9393,"$2,761,447.62","$2,034,207.22"
370,Fairfax,2020,EMPLOYEE BENEFITS,G8989,"$401,408,186.56","$392,726,062.44"
371,Fairfax,2020,FACILITIES MANAGEMENT,G0808,"$61,167,104.12","$56,915,695.65"
372,Fairfax,2020,FAIRFAX COUNTY PUBLIC LIBRARY,G5252,"$31,466,648.25","$30,542,836.51"
373,Fairfax,2020,FAMILY SERVICES,G6767,"$151,170,386.10","$139,758,923.84"
374,Fairfax,2020,FINANCE,G0606,"$9,203,060.32","$8,607,115.81"
375,Fairfax,2020,FINANCIAL AND PROGRAM AUDITOR,G3737,"$413,868.00","$308,203.90"
376,Fairfax,2020,FIRE AND RESCUE,G9292,"$224,397,608.23","$212,790,706.58"
377,Fairfax,2020,GENERAL DISTRICT COURT,G8585,"$4,732,947.16","$4,095,886.48"
378,Fairfax,2020,HEALTH,G7171,"$66,830,773.51","$63,172,101.43"
379,Fairfax,2020,HOUSING AND COMMUNITY DEVELOPMENT,H3838,"$7,728,947.04","$7,361,887.77"
380,Fairfax,2020,HUMAN RESOURCES,G1111,"$8,271,731.99","$8,133,117.16"
381,Fairfax,2020,HUMAN RIGHTS AND EQUITY PROGRAMS,G3939,"$1,879,253.81","$1,471,241.89"
382,Fairfax,2020,INFORMATION TECHNOLOGY,G7070,"$37,329,846.97","$41,323,131.89"
383,Fairfax,2020,JUVENILE AND DOMESTIC RELATIONS DISTRICT,G8181,"$25,995,932.05","$24,400,984.84"
384,Fairfax,2020,LAND DEVELOPMENT SERVICES,G2531,"$30,548,359.59","$28,889,000.03"
385,Fairfax,2020,MANAGEMENT AND BUDGET,G2020,"$6,013,865.50","$5,748,891.02"
386,Fairfax,2020,NEIGHBORHOOD AND COMMUNITY SERVICES,G7979,"$134,694,083.30","$119,682,493.94"
387,Fairfax,2020,OFFICE OF INDEPENDENT POLICE AUDITOR,G4242,"$428,198.00","$358,727.75"
388,Fairfax,2020,OFFICE OF STRATEGY MANAGEMENT FOR HHS,G7777,"$3,772,445.25","$2,958,881.66"
389,Fairfax,2020,OFFICE TO PREVENT AND END HOMELESSNESS,G7373,"$15,546,567.30","$14,904,629.56"
390,Fairfax,2020,PARK AUTHORITY,P5151,"$27,839,155.75","$25,407,933.64"
391,Fairfax,2020,PLANNING AND ZONING,G3535,"$15,144,812.76","$13,108,718.56"
392,Fairfax,2020,PLANNING COMMISSION,G3636,$0.00,$0.00
393,Fairfax,2020,POLICE,G9090,"$220,985,727.34","$209,646,499.79"
394,Fairfax,2020,PROCUREMENT & MATERIAL MANAGEMENT,G1212,"$8,449,465.75","$7,499,928.38"
395,Fairfax,2020,PUBLIC AFFAIRS,G1313,"$1,923,200.00","$1,780,341.95"
396,Fairfax,2020,PUBLIC SAFETY COMMUNICATIONS,G9595,$0.00,$0.00
397,Fairfax,2020,SHERIFF,G9191,"$75,381,549.34","$70,821,790.73"
398,Fairfax,2020,STORMWATER MANAGEMENT,G2529,$0.00,$0.00
399,Fairfax,2020,TAX ADMINISTRATION,G5757,"$28,156,849.73","$26,460,228.42"
400,Fairfax,2020,TRANSPORTATION,G4040,"$9,584,060.28","$8,780,674.77"
401,Fairfax,2020,UNCLASSIFIED ADMINISTRATIVE EXPENSES (NO,G8787,"$193,334,508.00","$18,081,153.75"
402,Fairfax,2020,UNCLASSIFIED ADMINISTRATIVE EXPENSES (PU,G2587,"$3,965,202.32","$2,103,221.90"
403,Fairfax,2021,ANIMAL SHELTERING,G9696,"$2,774,350.40","$901,812.21"
404,Fairfax,2021,BOARD OF SUPERVISORS,G0101,"$5,517,094.00","$1,837,564.79"
405,Fairfax,2021,BUSINESS PLANNING AND SUPPORT,G2525,"$1,029,463.32","$432,267.29"
406,Fairfax,2021,CABLE AND CONSUMER SERVICES,G0404,"$761,227.06","$348,047.23"
407,Fairfax,2021,CAPITAL FACILITIES,G2526,"$15,603,133.17","$4,250,662.02"
408,Fairfax,2021,CIRCUIT COURT AND RECORDS,G8080,"$12,641,422.77","$4,610,221.70"
409,Fairfax,2021,CIVIL SERVICE COMMISSION,G4141,"$468,731.00","$144,341.59"
410,Fairfax,2021,CLERK SERVICES,G0303,"$1,829,855.40","$707,425.32"
411,Fairfax,2021,CODE COMPLIANCE,G9797,"$4,791,825.00","$1,541,201.92"
412,Fairfax,2021,COMMONWEALTH'S ATTORNEY,G8282,"$6,278,431.06","$1,929,436.45"
413,Fairfax,2021,COMMUNITY LIVING TREATMENT&SUPPORTS,G7630,$0.00,$0.00
414,Fairfax,2021,COUNTY ATTORNEY,G1717,"$8,665,480.45","$2,873,339.33"
415,Fairfax,2021,COUNTY EXECUTIVE,G0202,"$7,186,421.50","$2,245,720.54"
416,Fairfax,2021,ECONOMIC INITIATIVES,G3030,"$1,300,480.00","$386,870.06"
417,Fairfax,2021,ELECTIONS,G1515,"$7,033,788.86","$3,457,130.63"
418,Fairfax,2021,EMERGENCY MANAGEMENT,G9393,"$2,638,223.40","$724,848.66"
419,Fairfax,2021,EMPLOYEE BENEFITS,G8989,"$402,217,837.31","$144,499,401.98"
420,Fairfax,2021,FACILITIES MANAGEMENT,G0808,"$63,459,853.10","$21,897,630.07"
421,Fairfax,2021,FAIRFAX COUNTY PUBLIC LIBRARY,G5252,"$30,516,526.43","$9,572,986.84"
422,Fairfax,2021,FAMILY SERVICES,G6767,"$149,459,886.72","$46,386,812.94"
423,Fairfax,2021,FINANCE,G0606,"$9,182,709.00","$5,025,432.64"
424,Fairfax,2021,FINANCIAL AND PROGRAM AUDITOR,G3737,"$413,868.00","$93,627.60"
425,Fairfax,2021,FIRE AND RESCUE,G9292,"$223,644,168.88","$81,185,503.93"
426,Fairfax,2021,GENERAL DISTRICT COURT,G8585,"$4,518,921.41","$1,470,669.00"
427,Fairfax,2021,HEALTH,G7171,"$95,268,188.41","$26,984,712.17"
428,Fairfax,2021,HOUSING AND COMMUNITY DEVELOPMENT,H3838,"$25,559,774.67","$7,561,640.07"
429,Fairfax,2021,HUMAN RESOURCES,G1111,"$8,266,264.91","$3,236,111.75"
430,Fairfax,2021,HUMAN RIGHTS AND EQUITY PROGRAMS,G3939,"$1,908,562.12","$517,432.59"
431,Fairfax,2021,INFORMATION TECHNOLOGY,G7070,"$38,046,214.70","$22,992,312.39"
432,Fairfax,2021,JUVENILE AND DOMESTIC RELATIONS DISTRICT,G8181,"$25,933,637.04","$8,464,816.60"
433,Fairfax,2021,LAND DEVELOPMENT SERVICES,G2531,"$29,122,639.58","$11,053,112.86"
434,Fairfax,2021,MANAGEMENT AND BUDGET,G2020,"$5,545,549.50","$1,966,432.54"
435,Fairfax,2021,NEIGHBORHOOD AND COMMUNITY SERVICES,G7979,"$91,753,458.21","$24,027,965.97"
436,Fairfax,2021,OFFICE OF INDEPENDENT POLICE AUDITOR,G4242,"$395,186.00","$118,651.01"
437,Fairfax,2021,OFFICE OF STRATEGY MANAGEMENT FOR HHS,G7777,"$3,448,765.30","$881,846.54"
438,Fairfax,2021,OFFICE TO PREVENT AND END HOMELESSNESS,G7373,"$4,000.00","$36,486.80"
439,Fairfax,2021,PARK AUTHORITY,P5151,"$27,839,517.38","$8,967,384.75"
440,Fairfax,2021,PLANNING AND ZONING,G3535,"$15,073,228.85","$4,759,559.27"
441,Fairfax,2021,POLICE,G9090,"$220,364,980.26","$77,519,913.48"
442,Fairfax,2021,PROCUREMENT & MATERIAL MANAGEMENT,G1212,"$8,391,815.70","$3,484,806.25"
443,Fairfax,2021,PUBLIC AFFAIRS,G1313,"$1,796,084.50","$689,438.41"
444,Fairfax,2021,PUBLIC SAFETY COMMUNICATIONS,G9595,$0.00,$234.08
445,Fairfax,2021,RESTON COMMUNITY CENTER,G1414,$0.00,$0.00
446,Fairfax,2021,RETIREMENT ADMINISTRATION,G5858,$0.00,$0.00
447,Fairfax,2021,SHERIFF,G9191,"$74,250,697.71","$23,348,709.82"
448,Fairfax,2021,STORMWATER MANAGEMENT,G2529,$0.00,$370.21
449,Fairfax,2021,TAX ADMINISTRATION,G5757,"$27,938,366.00","$11,008,741.43"
450,Fairfax,2021,TRANSPORTATION,G4040,"$9,670,254.91","$2,890,595.68"
451,Fairfax,2021,UNCLASSIFIED ADMINISTRATIVE EXPENSES (NO,G8787,"$140,584,347.60","$17,084,235.69"
452,Fairfax,2021,UNCLASSIFIED ADMINISTRATIVE EXPENSES (PU,G2587,"$4,149,460.75","$233,781.11"
453,Fairfax,2021,WASTEWATER,G2523,$0.00,$66.12
